county,composite_score,tier,internet_usage_pct,electricity_access_pct,cell_towers_per_100km2,avg_download_mbps,speed_flagged,area_sqkm
Baringo,29.2,Low,23.4,28.7,7.9,21.82,0,10889.2
Bomet,40.4,Low,20.6,37.4,99.1,26.75,0,2438.2
Bungoma,53.4,Medium,34.9,42.7,106.0,25.99,0,3016.2
Busia,48.5,Medium,29.7,28.5,123.1,31.92,0,1811.6
Elgeyo-Marakwet,47.4,Medium,30.3,34.5,13.2,18.5,0,3008.4
Embu,50.7,Medium,36.8,47.6,45.9,32.95,0,2823.7
Garissa,17.4,Critical,16.5,22.1,1.1,21.05,0,43596.1
Homa Bay,41.0,Low,27.7,47.9,42.1,29.45,0,4731.9
Isiolo,35.3,Low,33.1,31.4,0.8,24.88,0,25399.3
Kajiado,57.1,Medium,37.0,57.8,15.6,44.94,0,21884.8
Kakamega,50.9,Medium,35.0,35.8,102.1,26.95,0,3008.0
Kericho,51.8,Medium,26.4,55.8,156.0,29.9,0,2513.2
Kiambu,88.5,High,54.0,91.9,444.9,47.67,0,2543.0
Kilifi,46.2,Medium,30.5,27.8,32.2,37.8,0,12599.3
Kirinyaga,55.0,Medium,36.6,58.3,94.2,27.92,0,1475.3
Kisii,47.7,Medium,28.1,44.3,148.8,20.38,0,1313.7
Kisumu,57.9,Medium,33.4,51.2,259.6,28.71,0,2665.0
Kitui,28.9,Low,26.2,23.8,7.0,54.11,0,30456.9
Kwale,47.0,Medium,25.6,24.6,39.7,48.42,0,8266.0
Laikipia,48.7,Medium,38.0,62.2,7.7,43.82,0,9536.9
Lamu,34.8,Low,28.8,54.3,3.6,39.94,0,6047.0
Machakos,54.6,Medium,37.3,44.1,47.1,37.76,0,6044.3
Makueni,51.0,Medium,30.3,43.9,43.5,29.01,0,8174.9
Mandera,19.8,Critical,24.9,15.8,0.4,38.72,0,25979.3
Marsabit,13.0,Critical,16.3,16.3,0.5,33.18,0,76027.8
Meru,44.7,Low,31.4,42.5,38.1,32.57,0,6992.5
Migori,42.2,Low,30.4,28.9,59.3,29.24,0,3144.3
Mombasa,78.4,High,46.9,83.4,1972.8,41.96,0,233.6
Murang'a,59.8,Medium,35.8,60.2,76.4,28.37,0,2525.5
Nairobi,96.8,High,64.7,96.7,4915.7,62.11,0,707.5
Nakuru,73.2,High,40.1,62.8,149.6,43.77,0,7487.1
Nandi,45.7,Medium,24.4,41.2,39.8,34.17,0,2835.8
Narok,31.9,Low,20.5,27.3,14.8,38.96,0,17912.2
Nyamira,40.3,Low,26.4,38.6,86.0,17.5,0,897.2
Nyandarua,53.7,Medium,41.6,53.2,35.6,42.6,0,3266.7
Nyeri,61.8,Medium,50.1,66.4,68.8,34.41,0,3334.6
Samburu,18.0,Critical,18.9,16.1,1.3,,1,21015.7
Siaya,47.1,Medium,27.4,30.4,114.4,23.46,0,3520.4
Taita-Taveta,48.9,Medium,37.6,35.2,16.1,31.0,0,17131.1
Tana River,24.1,Critical,15.5,17.4,1.6,37.25,0,39192.1
Tharaka-Nithi,41.4,Low,33.4,33.1,21.8,30.92,0,2581.0
Trans Nzoia,45.4,Medium,30.6,38.9,75.5,37.66,0,2484.7
Turkana,10.7,Critical,12.7,8.8,1.0,42.55,0,70131.8
Uasin Gishu,68.0,Medium,42.1,55.3,222.2,40.13,0,3396.8
Vihiga,47.4,Medium,18.3,45.6,164.6,26.26,0,560.5
Wajir,18.3,Critical,24.2,14.6,0.3,35.83,0,56668.6
West Pokot,18.5,Critical,9.1,11.9,6.2,15.99,0,9305.5
